resolucion,modularidad
0.0,0.6440527029670547
0.1,0.9217693657828239
0.2,0.9218255368223846
0.3,0.9368917966565121
0.4,0.9443266930226206
0.5,0.946629461274263
