Resolucion,AMI
0.109257,0.7273030776092294
